{"cameraMode":{"drawMode":0,"name":"Shaded","section":"Shading Mode"},"sceneLighting":false,"audioPlay":false,"sceneViewState":{"m_AlwaysRefresh":false,"showFog":true,"showSkybox":false,"showFlares":true,"showImageEffects":true,"showParticleSystems":true,"showVisualEffectGraphs":true,"m_FxEnabled":true},"in2DMode":false,"pivot":{"x":2.7465364933013918,"y":0.3925468623638153,"z":0.054496198892593387},"rotation":{"x":-0.0758645087480545,"y":0.4928470849990845,"z":-0.04300544783473015,"w":-0.8658297061920166},"size":0.5858697295188904,"orthographic":false}